"Metric","Cohens_d"
"Data Load Time",-1.55530723177048
"Cross-Validation Time",-0.482337842756182
"Training Time",0.440783817440066
"Testing Time",-0.485997639117856
