metric,statistic,p_value
data_load,-0.044870297,1
hyperparameter_tuning,13.52729448,0.1875
cv,0.496261676,0.21875
test,0.195155859,0.171875
