"metric","statistic_V","p_value"
"f1",0,0.977249868051821
"recall",0,0.977249868051821
"sensitivity",0,0.977249868051821
"roc_auc",0,0.963180864939849
"cross_entropy",3,0.819344785736911
"brier",3,0.819344785736911
"ece",5,0.572433929707647
