"metric","statistic","p_value"
"macro_f1",-0.00122432139290241,0.96438
"macro_recall",-0.00260784691320668,0.99976
"macro_sensitivity",-0.00260784691320668,0.99976
"macro_roc_auc",0.00405730193171748,0
"cross_entropy",0.0439662472160028,0
"brier",0.00189601063201598,6e-05
"ece",0.00110391995034748,0.10472
