metric,statistic,p_value
dataset_load_time,0.061449586,1
cv_time,0.016841239,0.99994
fit_time,0.000318087,0.98618
test_time,0.001788682,0.98896
