"metric","statistic","p_value"
"macro_f1",5.30930971822968e-05,0.08812
"macro_recall",4.06685237976601e-05,0.15898
"macro_sensitivity",4.06685237976601e-05,0.15898
"macro_roc_auc",-9.23052714507655e-07,0.99978
"cross_entropy",0.000144306395548969,0
"brier",0.000116925131642374,0
"ece",7.13104681363452e-05,0.09222
