"metric","statistic","p_value"
"dataset_load_time",820,0.999999999879209
"cv_time",739,0.999995264417692
"fit_time",114,3.56301876345547e-05
"test_time",819,0.999999981458765
