"metric","statistic","p_value"
"dataset_load_time",0.0804585412552115,1
"cv_time",0.0150860361522064,0.99976
"fit_time",5.61156339244917e-05,0.52348
"test_time",-0.00462568287257454,0
