"metric","statistic","p_value"
"macro_f1",0.00197883653072483,0.01894
"macro_recall",0.00197081400067983,0.02916
"macro_sensitivity",0.00197081400067983,0.02916
"macro_roc_auc",0.00467238594651186,0
"cross_entropy",0.069417485041144,0
"brier",0.00362977048081387,0
"ece",0.00515839989778655,0
