"metric","statistic","p_value"
"macro_f1",-0.00120777330004283,0.99996
"macro_recall",-0.00119267481767477,1
"macro_sensitivity",-0.00119267481767477,1
"macro_roc_auc",-1.29689925989218e-06,0.76148
"cross_entropy",4.07573500643688e-10,0
"brier",2.52101445795405e-10,0
"ece",0.000212200556803002,0.20584
