"metric","statistic","p_value"
"macro_f1",-0.00629571307111527,1
"macro_recall",-0.00778874281442637,1
"macro_sensitivity",-0.00778874281442637,1
"macro_roc_auc",0.000172218295949292,0.02224
"cross_entropy",0.0211973065518723,2e-05
"brier",-0.00385925903408824,1
"ece",0.00251718387559889,0
