"metric","statistic","p_value"
"macro_f1",-0.000138384070289924,0.61634
"macro_recall",-0.000742094099004789,0.9336
"macro_sensitivity",-0.000742094099004789,0.9336
"macro_roc_auc",2.6737092382137e-05,0.33096
"cross_entropy",0.00385206923082072,0.11334
"brier",0.00123162179109105,0
"ece",0.000911763078446865,0.02564
