"metric","statistic","p_value"
"dataset_load_time",820,0.999999999879209
"cv_time",0,1.85412345839896e-08
"fit_time",353,0.223796700508346
"test_time",0,1.85412345839896e-08
