"metric","statistic","p_value"
"dataset_load_time",-0.0312613816467285,0
"cv_time",0.00450405896903992,0.99978
"fit_time",0.000371204390869141,0.73854
"test_time",0.000618851027679443,0.7379
