"metric","statistic","p_value"
"macro_f1",-0.0786795779698566,1
"macro_recall",-0.072725510204084,1
"macro_sensitivity",-0.072725510204084,1
"cross_entropy",0.0105248728014861,0.3208
"brier",0.00793285241010553,0.01716
"ece",0.0154740542319186,0.00074
