"metric","statistic","p_value"
"dataset_load_time",-0.00611830840352923,0
"cv_time",0.0425153425399913,1
"fit_time",0.0001417946870788,0.91102
"test_time",0.00952493101431173,1
