"metric","statistic","p_value"
"dataset_load_time",0.000694397080224007,1
"cv_time",0.0203923640387075,1
"fit_time",0.000207695859717205,0.75042
"test_time",0.00866352389493841,1
