"metric","statistic","p_value"
"macro_f1",-0.0153395281966558,0.98606
"macro_recall",-0.0130952380952307,1
"macro_sensitivity",-0.0130952380952307,1
"macro_roc_auc",-0.000678806005160684,0.99446
"cross_entropy",4.45598317794574e-08,0
"brier",5.98897430060044e-09,0
"ece",0.00191973252921269,0.15778
