"metric","statistic","p_value"
"macro_f1",-0.0161401422651481,0.93704
"macro_recall",-0.0151507936508099,0.94722
"macro_sensitivity",-0.0151507936508099,0.94722
"cross_entropy",0.179503868863148,0
"brier",0.02777807887537,0
"ece",0.00967282479468479,0.00478
