"metric","statistic","p_value"
"macro_f1",-0.0191499933306416,0.95378
"macro_recall",-0.0178571428571268,1
"macro_sensitivity",-0.0178571428571268,1
"macro_roc_auc",0.000178571428571422,0.37548
"cross_entropy",2.88163016551411e-08,0
"brier",7.47087534449034e-09,0
"ece",0.00403450695461938,0.03164
