"metric","statistic","p_value"
"macro_f1",-0.00117755770589939,1
"macro_recall",-0.00116980643395736,1
"macro_sensitivity",-0.00116980643395736,1
"macro_roc_auc",-7.64516925361169e-07,0.7588
"cross_entropy",4.65207827121672e-10,0
"brier",2.95697528442107e-10,0
"ece",0.000654762178230835,0.00172
