"metric","statistic","p_value"
"macro_f1",-1.37096692331973e-10,0.99656
"macro_recall",1.5549413701077e-10,4e-05
"macro_sensitivity",1.5549413701077e-10,4e-05
"macro_roc_auc",-6.48148285042893e-11,0.93478
"cross_entropy",1.47423725949114e-08,0
"brier",1.01498715713438e-08,0
"ece",7.53286482539986e-09,2e-05
