"metric","statistic","p_value"
"macro_f1",0.00034091313129796,0.4341
"macro_recall",-0.000208333333469368,0.54668
"macro_sensitivity",-0.000208333333469368,0.54668
"macro_roc_auc",-0.0018585964282313,1
"cross_entropy",0.00104396453555845,0.20784
"brier",5.87047772590903e-05,0.47508
"ece",-0.00341851696670915,0.95516
