"metric","statistic","p_value"
"dataset_load_time",0,1.33480747958881e-10
"cv_time",587,0.99147969320549
"fit_time",154,0.000297096346320719
"test_time",295,0.0618986642240896
