"metric","statistic","p_value"
"dataset_load_time",0.0911287637136411,1
"cv_time",0.00214796273285174,0.93378
"fit_time",0.000256884824193548,0.4983
"test_time",0.00116741361707682,0.87592
