"metric","statistic","p_value"
"macro_f1",0.0300583953847632,0
"macro_recall",0.0117599206349389,0
"macro_sensitivity",0.0117599206349389,0
"macro_roc_auc",-0.00119698782290696,0.99988
"cross_entropy",0.0316985595020744,0
"brier",0.0167734018689474,0
"ece",0.00407221757965907,0.01588
