"metric","statistic","p_value"
"data_load",-0.0448702971140544,1
"hyperparameter_tuning",13.527294476827,0.1875
"cv",0.496261676152547,0.21875
"test",0.181045929590861,0.171875
