"metric","statistic","p_value"
"dataset_load_time",-0.0337500279174893,0
"cv_time",-0.647231386855041,0
"fit_time",0.000249712780012821,1
"test_time",-0.194066914112386,0
