"metric","statistic","p_value"
"macro_f1",-0.00339296112294356,0.99214
"macro_recall",-0.00317496965782188,1
"macro_sensitivity",-0.00317496965782188,1
"macro_roc_auc",2.95457552064865e-05,0.31344
"cross_entropy",-3.13053344814441e-11,0.93716
"brier",-1.9062021641453e-11,0.57314
"ece",0.000707780715579067,0.04334
