"metric","statistic","p_value"
"f1",0.001561,0.5
"recall",0.0011575,0.5
"sensitivity",0.0011575,0.5
"roc_auc",0.00179416666666667,0.25
"cross_entropy",0.0539991666666667,0.25
"brier",0.00866283333333333,0.25
"ece",0.0104146666666667,0.4375
