"metric","statistic","p_value"
"macro_f1",0.000527515175119575,0.24756
"macro_recall",0.000396825396825379,0.49714
"macro_sensitivity",0.000396825396825379,0.49714
"macro_roc_auc",1.20250120250076e-05,0.24756
"cross_entropy",8.40941492830094e-10,0
"brier",5.36573010502528e-10,0
"ece",-9.08036590757854e-05,0.50286
