"metric","statistic","p_value"
"macro_f1",0.00184167606847629,0.14862
"macro_recall",-0.00280948680946319,0.99336
"macro_sensitivity",-0.00280948680946319,0.99336
"macro_roc_auc",0.000440353704937035,0.12384
"cross_entropy",0.0524546819525944,0
"brier",0.00813873815057795,0
"ece",0.00901109077534636,2e-05
