"metric","statistic","p_value"
"dataset_load_time",0.0763385181780905,1
"cv_time",0.00615889417749713,0.99938
"fit_time",0.00109133558435133,0.97838
"test_time",0.0014526373030094,0.94204
