"metric","statistic","p_value"
"dataset_load_time",0.0713266356033273,1
"cv_time",0.00410023769654799,0.99956
"fit_time",0.000326501511881361,0.49858
"test_time",0.000501535258081276,0.68708
