"metric","statistic","p_value"
"macro_f1",-0.00865954743272644,1
"macro_recall",-0.0107103914603846,1
"macro_sensitivity",-0.0107103914603846,1
"macro_roc_auc",-0.000761083515727504,0.99994
"cross_entropy",-0.00718798819662139,0.75626
"brier",-0.00130453881833966,0.94298
"ece",0.00581220294863797,1e-04
